question,A,B,C,D,explanation,correct_answer
How many seats are in the Senate?,100,150,200,300,The United States Senate has 100 seats. This is because the Constitution grants each of the 50 states two senators to ensure equal representation for all states regardless of population size., A
What is the term length for a U.S. Senator?, 2 years, 4 years, 6 years, 8 years, The correct answer is C. U.S. Senators serve six-year terms., C
Which month are U.S. presidential elections held?, January, June, November, December, The correct answer is C. U.S. presidential elections are held in November., C
How many electoral votes are needed to win the U.S. presidency?, 270, 300, 350, 400, The correct answer is A. A candidate needs 270 electoral votes to win the presidency., A
Who is eligible to vote in U.S. elections?, U.S. citizens 16 and older, U.S. citizens 18 and older, U.S. citizens 21 and older, U.S. residents, The correct answer is B. U.S. citizens 18 and older are eligible to vote., B
What is the maximum number of terms a U.S. President can serve?, 1, 2, 3, 4, The correct answer is B. A U.S. President can serve a maximum of two terms., B
Which body certifies the results of a U.S. presidential election?, The Supreme Court, The House of Representatives, The Senate, Congress, The correct answer is D. Congress certifies the results of a U.S. presidential election., D
What is the primary role of the Electoral College?, To count votes, To elect the President and Vice President, To set election dates, To oversee campaign finance, The correct answer is B. The primary role of the Electoral College is to elect the President and Vice President., B
How often are U.S. House of Representatives elections held?, Every year, Every two years, Every four years, Every six years, The correct answer is B. U.S. House of Representatives elections are held every two years., B
Which amendment to the U.S. Constitution granted women the right to vote?, 15th, 19th, 21st, 24th, The correct answer is B. The 19th Amendment granted women the right to vote., B
What is the purpose of a primary election?, To elect the President, To elect members of Congress, To choose party nominees for the general election, To vote on constitutional amendments, The correct answer is C. The purpose of a primary election is to choose party nominees for the general election., C
If a presidential candidate wins the majority of the electoral votes&apos; what happens next?, They take office immediately., The results are certified by Congress., A runoff election is held., The Supreme Court confirms the results., The correct answer is B. After a presidential candidate wins the majority of the electoral votes&apos; the results are certified by Congress., B
A candidate focusing on swing states in their campaign is likely trying to, Secure the majority vote in those states., Influence the judicial system., Appeal to international voters., Reduce campaign costs., The correct answer is A. Candidates focus on swing states to secure the majority vote in those states&apos; which can be crucial for winning the election., A
If a state implements stricter voter ID laws&apos; what is a potential impact?, Increased voter turnout., Reduced voter turnout among certain groups., More polling stations., Fewer election advertisements., The correct answer is B. Stricter voter ID laws can reduce voter turnout among certain groups., B
A candidate who raises significant campaign funds is likely to, Win the election automatically., Have more resources for advertisements and outreach., Face more legal challenges., Lose support among voters., The correct answer is B. A candidate with significant campaign funds will have more resources for advertisements and outreach., B
What is the effect of early voting on election day turnout?, Increases election day turnout., Decreases election day turnout., Has no effect on election day turnout., Confuses voters about the election date., The correct answer is B. Early voting typically decreases election day turnout as people vote in advance., B
If a candidate wins the popular vote but loses the electoral vote&apos; what is the outcome?, They become President., They become Vice President., They do not win the election., The election is held again., The correct answer is C. A candidate must win the electoral vote to win the presidency&apos; regardless of the popular vote., C
What might be a result of high voter turnout in an election?, More accurate representation of public opinion., Increased election costs., Fewer polling stations., Lower voter engagement., The correct answer is A. High voter turnout leads to more accurate representation of public opinion., A
If a state changes its primary election date&apos; what is a potential consequence?, Increased voter turnout., Decreased media coverage., Confusion among voters., More accurate election results., The correct answer is C. Changing the primary election date can cause confusion among voters., C
A successful get-out-the-vote campaign might result in, Lower voter turnout., Higher voter turnout., Reduced political engagement., Fewer candidates on the ballot., The correct answer is B. A successful get-out-the-vote campaign aims to increase voter turnout., B
If a candidate wins a state by a small margin&apos; what happens to the state's electoral votes?, They are divided among candidates., They all go to the winning candidate., They are recounted., They are nullified., The correct answer is B. In most states&apos; the winning candidate receives all of the state's electoral votes., B
Why might voter turnout increase during a contentious election year?, Fewer polling stations., Higher stakes and media coverage., Poor weather conditions., Stricter voting laws., The correct answer is B. Voter turnout often increases during a contentious election year due to higher stakes and extensive media coverage., B
What could be a direct result of gerrymandering in electoral districts?, Increased voter turnout., More competitive elections., Skewed representation favoring one party., Reduced political advertisements., The correct answer is C. Gerrymandering can result in skewed representation that favors one political party over another., C
Why might a candidate focus on urban areas during their campaign?, Urban areas have fewer voters., Urban areas often have higher voter turnout., Urban areas are less influential in elections., Urban areas have simpler issues., The correct answer is B. Candidates often focus on urban areas because they tend to have higher voter turnout., B
What is a potential effect of reducing the number of polling stations?, Increased voter turnout., Longer wait times for voters., More accurate election results., Higher campaign costs., The correct answer is B. Reducing the number of polling stations can lead to longer wait times for voters., B
Why might a candidate emphasize their experience in government during a campaign?, To appeal to younger voters., To highlight their preparedness for office., To reduce campaign costs., To avoid discussing policy issues., The correct answer is B. Emphasizing experience in government can highlight a candidate's preparedness for office., B
What might be a consequence of a close election?, Decreased voter interest in future elections., Increased scrutiny and potential recounts., Fewer campaign advertisements., Simplified ballot counting., The correct answer is B. A close election often leads to increased scrutiny and potential recounts., B
Why would a candidate participate in debates?, To avoid media coverage., To raise campaign funds., To communicate their positions to voters., To finalize their policy proposals., The correct answer is C. Candidates participate in debates to communicate their positions to voters., C
What could be an effect of high early voting numbers?, Lower turnout on election day., Increased campaign spending., More undecided voters., Delayed election results., The correct answer is A. High early voting numbers typically result in lower turnout on election day., A
Why might a state hold a runoff election?, To increase voter turnout., To resolve a tie or close result., To reduce campaign costs., To simplify the voting process., The correct answer is B. A runoff election is held to resolve a tie or close result., B
What is a possible result of increased political advertising?, Reduced voter turnout., More informed voters., Higher election costs., Fewer candidates., The correct answer is B. Increased political advertising can lead to more informed voters., B
Why is it important to have a secret ballot in elections?, To reduce the cost of elections., To ensure voter privacy and prevent coercion., To speed up the voting process., To increase voter turnout., The correct answer is B. A secret ballot is crucial to ensure voter privacy and prevent coercion., B
Why are debates between candidates important during an election?, They determine the final election outcome., They allow candidates to raise funds., They provide voters with information on candidates' positions., They help in finalizing the voter registration process., The correct answer is C. Debates are important because they provide voters with information on the candidates' positions on various issues., C
Why is voter registration important before an election?, It helps to verify voter eligibility., It reduces the number of candidates., It increases the cost of elections., It simplifies the voting process., The correct answer is A. Voter registration helps to verify voter eligibility., A
Why might an election have a higher turnout with mail-in voting options?, It makes voting more accessible., It reduces campaign spending., It shortens the voting period., It limits voter fraud., The correct answer is A. Mail-in voting options can make voting more accessible&apos; leading to higher turnout., A
Why do candidates often focus on battleground states?, These states have fewer voters., These states can swing the overall election outcome., These states have simpler voting procedures., These states have less media coverage., The correct answer is B. Battleground states can swing the overall election outcome&apos; making them a focus for candidates., B
Why is it necessary to have standardized voting machines?, To reduce the number of candidates., To ensure consistent and accurate vote counting., To lower election costs., To simplify the campaign process., The correct answer is B. Standardized voting machines ensure consistent and accurate vote counting., B
Why might absentee ballots be used in an election?, To reduce voter turnout., To allow voting for those unable to visit polling stations., To speed up the voting process., To simplify election administration., The correct answer is B. Absentee ballots allow voting for those unable to visit polling stations., B
Why do some states have open primary elections?, To increase voter participation., To reduce the number of candidates., To lower election costs., To simplify the voting process., The correct answer is A. Open primary elections can increase voter participation by allowing all voters to participate regardless of party affiliation., A
Why is it important to have clear and simple ballot designs?, To increase voter turnout., To reduce election costs., To prevent voter confusion and errors., To simplify the counting process., The correct answer is C. Clear and simple ballot designs help prevent voter confusion and errors., C
Why might a state implement online voter registration?, To reduce voter turnout., To make the registration process more accessible., To increase campaign spending., To limit voter fraud., The correct answer is B. Online voter registration makes the process more accessible&apos; potentially increasing voter registration rates., B
Which branch of government is responsible for interpreting the laws during an election dispute?, Legislative, Executive, Judicial, Electoral, The correct answer is C. The Judicial branch is responsible for interpreting laws&apos; including during election disputes., C
What is the role of a poll watcher?, To assist voters in casting their ballots., To ensure the election process is fair and free of fraud., To count the votes., To set up polling stations., The correct answer is B. Poll watchers ensure the election process is fair and free of fraud., B
What is the main purpose of a voter ID law?, To increase voter turnout., To prevent voter fraud., To simplify the voting process., To reduce election costs., The correct answer is B. The main purpose of voter ID laws is to prevent voter fraud., B
Why might a state choose to conduct an election audit?, To verify the accuracy of the election results., To reduce the number of candidates., To increase voter turnout., To simplify the voting process., The correct answer is A. An election audit is conducted to verify the accuracy of the election results., A
What is a provisional ballot used for?, To count early votes., To allow voting when there are questions about a voter's eligibility., To reduce the number of polling stations., To simplify the voting process., The correct answer is B. A provisional ballot is used when there are questions about a voter's eligibility., B
What is the main function of an election commission?, To fund political campaigns., To oversee and administer elections., To write election laws., To campaign for candidates., The correct answer is B. The main function of an election commission is to oversee and administer elections., B
What is one advantage of electronic voting machines?, They are less expensive than paper ballots., They provide faster results., They increase voter turnout., They reduce campaign costs., The correct answer is B. One advantage of electronic voting machines is that they provide faster results., B
What is the purpose of a campaign finance law?, To limit the length of campaigns., To regulate the amount of money spent on campaigns., To increase voter turnout., To reduce the number of candidates., The correct answer is B. The purpose of campaign finance laws is to regulate the amount of money spent on campaigns., B
Why might early voting be beneficial for some voters?, It reduces the overall cost of the election., It allows voters more flexibility in casting their ballot., It increases the number of polling stations., It simplifies the voting process., The correct answer is B. Early voting allows voters more flexibility in casting their ballot., B
What is the main reason for redistricting?, To increase voter turnout., To ensure equal representation based on population changes., To reduce election costs., To simplify the voting process., The correct answer is B. The main reason for redistricting is to ensure equal representation based on population changes., B
